{"accuracy": [0.6231168508529663, 0.8660502433776855, 0.91741943359375, 0.9417597055435181, 0.9565402865409851, 0.9662564992904663, 0.9724304676055908, 0.9765416979789734, 0.9801123738288879, 0.982801079750061], "loss": [1.2774763107299805, 0.4252825379371643, 0.25636109709739685, 0.17708607017993927, 0.13105390965938568, 0.1023104339838028, 0.08335895091295242, 0.07239934802055359, 0.061016879975795746, 0.05335824191570282], "val_accuracy": [0.8400295972824097, 0.881572961807251, 0.9270999431610107, 0.9467334151268005, 0.9279535412788391, 0.9579444527626038, 0.9550421237945557, 0.9648873209953308, 0.9661962389945984, 0.9738789200782776], "val_loss": [0.49695533514022827, 0.3698161840438843, 0.2271212935447693, 0.16236494481563568, 0.236958846449852, 0.13358640670776367, 0.1483200490474701, 0.1167697012424469, 0.1083325669169426, 0.0969473272562027]}